{"cameraMode":{"drawMode":0,"name":"Shaded","section":"Shading Mode"},"sceneLighting":true,"audioPlay":false,"sceneViewState":{"m_AlwaysRefresh":false,"showFog":true,"showSkybox":true,"showFlares":true,"showImageEffects":true,"showParticleSystems":true,"showVisualEffectGraphs":true,"m_FxEnabled":true},"in2DMode":false,"pivot":{"x":-1.4453485012054444,"y":-2.4363975524902345,"z":-26.60563087463379},"rotation":{"x":0.000044232350774109364,"y":0.9891704320907593,"z":-0.14677764475345612,"w":0.0002976565156131983},"size":21.94493293762207,"orthographic":false}